,open,high,low,close,volume,Close_time,Quote asset volume,number of trades,Taker buy base asset volume,Taker buy quote asset volume,Open_time_GST,MA_1,MA_2,MA_7,MA_15,MA_30,EMA_1,EMA_2,EMA_12,EMA_26,DIF,DEM,OSC
0,128.11000000,128.90000000,127.52000000,128.15000000,44548.67679000,1577663999999,5707923.32374280,22594,21717.21714000,2782400.50389010,2019-12-29 08:00:00,128.15,,,,,128.15,128.15,128.15,128.15,0.0,0.0,0.0
