,open,high,low,close,volume,Close_time,Quote asset volume,number of trades,Taker buy base asset volume,Taker buy quote asset volume,Open_time_GST,MA_1,MA_2,MA_7,MA_15,MA_30,EMA_1,EMA_2,EMA_12,EMA_26,DIF,DEM,OSC
0,128.11000000,128.90000000,127.52000000,128.20000000,44560.50574000,1577663999999,5709439.42501910,22611,21721.68202000,2782972.72016410,2019-12-29 08:00:00,128.2,,,,,128.2,128.2,128.2,128.2,0.0,0.0,0.0
